id,type,question
1,选择,赵炳南对于系统性红斑狼疮的治疗观点主要是什么？A以清热解毒为主；B以燮理阴阳，调和气血为主；C以健脾渗湿法为主；D以散风止痒为主。
2,选择,陈彤云在治疗皮肤病时，认为辨证与辨病的关系是？A. 辨证更重要；B. 辨病更重要；C. 辨证与辨病互为补充；D. 辨证与辨病无关。
3,选择,以下关于庄国康治疗神经性皮炎的分期辨证论治描述错误的是？A.急性发作期应以重潜搜风为主；B.慢性迁延期应以养血润燥，活血通络为主；C.治疗神经性皮炎时，庄国康始终将重潜搜风、养血润燥、活血通络之法贯穿于治疗过程；D.庄国康认为神经性皮炎急性期和慢性期的治疗原则完全不同。
4,选择,赵炳南在治疗皮肤病时，认为哪种因素与许多皮肤病发生发展有密切关系？A.风邪；B.湿邪；C.热邪；D.虫邪
5,选择,以下哪位名医擅长使用‘引经药’来加强药物对湿疮的局部疗效？A.赵炳南；B.庄国康；C.陈彤云；D.朱仁康。
6,选择,邹铭西认为湿疹的病因以内因为主，以下哪项不是其主要病因？A湿热风；B脾胃虚弱；C饮食不节；D精神紧张
7,选择,赵炳南先生在治疗皮肤病时，特别主张以下哪种方法？A. 从湿论治；B. 从热论治；C. 从风论治；D. 从燥论治。
8,选择,赵炳南在治疗慢性荨麻疹时，强调的辨证首要步骤是什么？A辨病；B辨虚实；C辨阴阳；D辨气血。
9,选择,根据陈勇的临证经验，寻常型银屑病的发病内在因素是什么？A血燥；B血瘀；C血热；D气血失和。
10,选择,张作舟将慢性荨麻疹分为哪四种类型？A.风寒、风热、风湿、血瘀；B.表虚不固、血虚气弱、阴虚内热、湿热内蕴；C.阴阳失调、气血失和、风寒、风热；D.脾胃虚弱、肝郁气滞、心肺不足、肾精亏损。
11,选择,张作舟在治疗小儿湿疹时，主要遵循的理论是什么？A脾胃论；B血瘀论；C风燥论；D肝肾论；
12,选择,赵炳南在治疗慢性湿疹时，认为哪种情况下游走不定，瘙痒明显？A夹风者；B湿热化火者；C湿盛型；D热盛型。
13,选择,庄国康治疗系统性红斑狼疮时，认为其根本病机是什么？A.肝肾亏虚；B.气滞血瘀；C.肝肾亏虚、气滞血瘀；D.仅是气滞血瘀。
14,选择,庄国康在治疗黑变病时，以下哪种药物组合不在其药用范围内？A.吴茱萸、续断；B.陈皮、补骨脂；C.茯苓、泽泻；D.麻黄、荆芥。
15,选择,根据朱仁康的临证经验，以下哪种药物不是用于治疗风热久羁型荨麻疹的？A. 乌蛇；B. 黄连；C. 当归；D. 银花
16,选择,邹铭西在治疗湿疹时，以下哪种外用药物使用原则是错误的？A用药薄而均匀；B每日1～2次；C选择几种制剂交替使用；D必须使用有刺激性的药物
17,选择,王文春主任医师在治疗多形性红斑时，针对风寒湿型的治疗原则是？A.温经通络，祛寒化湿；B.清热利湿，凉血解毒；C.滋阴降火，清热解毒；D.疏风清热，宣肺散寒；
18,选择,赵炳南在治疗脚湿气时，主要将癣菌疹归属于哪个范畴？A湿毒疡；B风湿疡；C都是；D都不是
19,选择,以下哪位名医在治疗皮肤病时强调了内外合治的重要性？A.魏跃钢；B.赵炳南；C.庄国康；D.以上均未强调。
20,选择,根据陈凯的临证经验，银屑病患者在治疗时应避免使用哪种类型的外用药？A.无刺激性的单软膏；B.香腊膏；C.糖皮质激素；D.粉剂。
21,选择,张志礼在治疗银屑病时，以下哪个因素不会被考虑？A感染因素；B精神紧张因素；C药物因素；D饮食因素
22,选择,张作舟治疗白癜风的根本病机认为是？A.气血不和；B.肝肾不足；C.瘀血阻络；D.所有上述
23,选择,张志礼教授在治疗掌跖脓疱病时，将本病分为哪两种证型进行治疗？A.血热和湿毒型；B.血瘀和湿毒型；C.血热和脾胃虚弱型；D.湿毒和脾胃虚弱型。
24,选择,庄国康治疗扁平疣时，常采用哪种治疗方法？A解毒化痰活血法；B清热解毒法；C外用药物；D内服药物
25,选择,庄国康治疗黑变病的临证经验中，认为该病的主要病因是什么？A.血热内蕴；B.肾水上泛；C.脾虚湿盛；D.风邪外袭。
26,选择,赵炳南在治疗皮肤病时，对于湿热壅盛、热重于湿型的患者，建议使用以下哪一种方剂加减进行治疗？A萆薢渗湿汤；B五神汤；C清热除湿汤；D龙胆泻肝汤
27,选择,赵炳南治疗疔疮痈疖时，常使用哪些方药？A.龙胆泻肝汤；B.除湿解毒汤；C.生石膏、生玳瑁等；D.全虫方；
28,选择,庄国康在治疗皮肤病血瘀证时，认为与哪些脏器功能失调密切相关？A. 心和肝；B. 心和肺；C. 肝和肾；D. 肺和肾。
29,选择,朱仁康和庄国康在荨麻疹治疗上的主要不同点是什么？A.朱仁康重视外风，庄国康重视内风 B.庄国康重视外风，朱仁康重视内风 C.朱仁康采用分型论治，庄国康注重活血消风 D.庄国康采用分型论治，朱仁康注重活血消风
30,选择,赵炳南在治疗急性湿疹时，多采用什么汤剂？A.除湿解毒汤；B.龙胆泻肝汤；C.疏风除湿汤；D.健脾除湿汤
31,选择,王文春主任医师在治疗多形性红斑时，对于风寒湿型的治疗原则是什么？A.温经通络，祛寒化湿；B.清热利湿，凉血解毒；C.健脾除湿；D.搜风除湿。
32,选择,张志礼在治疗带状疱疹时，将疾病分为哪三个主要证型？A. 肝胆湿热型、脾虚湿盛型、气滞血瘀型；B. 湿热并重证、脾虚湿盛证、血虚风燥证；C. 肝郁气滞型、脾胃虚弱型、气血两虚型；D. 热毒蕴结型、湿毒内蕴型、瘀血阻络型。
33,选择,庄国康名医在治疗顽固性皮肤瘙痒时，以下哪个不是他的核心处方成分？A.生龙骨；B.生牡蛎；C.秦艽；D.麻黄
34,选择,根据张志礼的临证经验，下列哪种症状不属于阳证、实证、热证、表证范畴？A瘙痒或疼痛明显；B大便干、小便黄；C脉象多浮滑数；D慢性溃疡平塌不起
35,选择,赵炳南医生治疗结节性痒疹时，下列哪种药物不是他常用的方药？A荆芥；B防风；C全虫；D黄连。
36,选择,张志礼对于急性湿疹和慢性湿疹的辨证有何不同？A急性湿疹多属阳证，慢性湿疹多属阴证；B急性湿疹多属阴证，慢性湿疹多属阳证；C两者辨证相同；D无法判断。
37,选择,庄国康治疗扁平疣时，如果病情顽固难愈，他会如何治疗？A仅用内服药物；B仅用外用药物；C内外并治；D更换治疗方案
38,选择,庄国康对于连续性肢端皮炎的病因病机认识主要是什么？A湿邪所致；B风热外袭；C血虚风燥；D肝郁化火。
39,选择,庄国康在治疗痤疮和银屑病时，都提到了哪种治法？A.清热解毒；B.活血化瘀；C.凉血法；D.消风法。
40,选择,赵炳南在治疗银屑病时，血燥型的皮疹特征是？A.皮疹多呈点滴状；B.表面鳞屑少附着较紧；C.基底部出血点明显；D.全身症状明显
41,选择,庄国康教授治疗银屑病进行期时，主张使用的方剂是什么？A.克银一方；B.桃红四物汤；C.克银三方化裁；D.没有特别指出的方剂。
42,选择,张志礼教授的清热凉血泻火法主要用于哪些皮肤病的治疗？A天疱疮；B剥脱性皮炎；C急性过敏性皮肤病；D色素性皮肤病
43,选择,庄国康老师在治疗湿疹时，以下哪种治法不是他所提到的？A.滋阴法；B.重镇法；C.健脾法；D.疏风法
44,选择,陈彤云和赵炳南在治疗皮肤病时，以下哪项描述是错误的？A.陈彤云重视肝、心在病理中的重要性；B.赵炳南提出了疏风除湿的治疗方法；C.两位名医都认为风邪是瘙痒发生的重要原因；D.赵炳南治疗时主要关注脾胃。
45,选择,赵炳南认为湿疹发病的主要因素是什么？A. 风；B. 湿；C. 热；D. 寒。
46,选择,赵炳南先生与朱仁康先生在治疗神经性皮炎时的主要不同点是什么？A.赵炳南认为病因是脾经湿热或肺经风毒，而朱仁康认为是七情内伤；B.赵炳南主张内治，朱仁康主张外治；C.赵炳南认为有内湿、外湿之分，朱仁康则没有提到；D.赵炳南与朱仁康在治疗上都使用了消风止痒的方法。
47,选择,以下哪位名医在湿疹治疗中注重清热解毒与攻下泻毒？A.许铣；B.赵炳南；C.顾伯华；D.马绍尧。
48,选择,张芃将痤疮分为四种证型，以下哪种证型不是他所描述的？A. 肺经风热型；B. 湿热蕴结型；C. 痰湿凝结型；D. 肝郁气滞型。
49,选择,以下哪位名医认为荨麻疹的病因与风邪密切相关？A. 赵炳南；B. 庄国康；C. 张志礼；D. 所有以上名医
50,选择,赵炳南治疗湿邪所致皮肤病时，常用的代表方剂是哪一个？A. 苓桂术甘汤；B. 藿香正气散；C. 除湿胃苓汤；D. 龙胆泻肝汤
51,选择,邹铭西认为湿疹的病因以内因为主，以下哪个不是他提到的病因？A湿热；B风；C热；D血瘀。
52,选择,赵炳南和 张志礼在治疗急性湿疹时的主要不同点是什么？A赵炳南注重清热利湿，张志礼注重辨证八纲；B赵炳南注重辨证八纲，张志礼注重清热利湿；C两者治疗方法相同；D两者治疗方法完全不同。
53,选择,以下哪位名医提出了在治疗异位性皮炎时采用健脾消导治其本？A.张志礼；B.庄国康；C.邬成霖；D.无提及。
54,选择,王莒生在治疗白癜风的儿童患者时，主要采用的治法是什么？A.清热解毒；B.健脾消导；C.疏风清热；D.滋阴补肾。
55,选择,庄国康在治疗黑变病时，认为其病机与以下哪个中医理论相关？A脾胃虚弱；B肝气郁结；C肾水上泛；D心血不足。
56,选择,陈勇将寻常型银屑病分为哪三个证型？A血热、血燥、血瘀；B血热、血虚、血瘀；C血燥、血瘀、血虚；D血热、血寒、血瘀；
57,选择,赵炳南在治疗疖肿、丹毒、痱毒时，主要应用的药物是什么？A公英；B丹皮；C赤芍；D黄连软膏；
58,选择,朱仁康在治疗湿疹时，最常采用的健脾利湿药物有哪些？A苍术、陈皮、茯苓；B生地黄、丹皮、赤芍；C茯苓、车前子、泽泻；D黄芩、黄连、黄柏。
59,选择,王文春在学术思想中，认为在诊断肛肠疾病时，哪个诊法最为重要？A.闻诊；B.望诊；C.问诊；D.切诊。
60,选择,以下哪种药物配伍不是赵炳南用于调和阴阳的基本方药“四藤”？A天仙藤；B鸡血藤；C首乌藤；D黄藤。
61,选择,赵炳南先生在治疗皮肤病时认为什么是治疗多种皮肤病的根本？A治湿；B治毒；C治热；D内外兼治
62,选择,张志礼教授在治疗急性活动期病情时，主要依赖什么治疗？A中药治疗；B激素治疗；C免疫抑制剂；D物理治疗。
63,选择,赵炳南治疗皮肤病时，下列哪个观点他并没有提到？A.皮肤病虽形于外，而发于内；B.治疗皮肤病要重视内治法；C.皮肤病治疗应该放弃内治；D.外用药直达病所。
64,选择,赵炳南在治疗天疱疮时的学术思想核心是？A从湿论治；B注重调和阴阳；C从热论治；D注重清热解毒。
65,选择,赵炳南在皮外科辨证首辨阴阳方面，重点是什么？A.辨湿热性；B.辨湿气性；C.辨湿热性和湿气性；D.不辨阴阳。
66,选择,朱仁康在治疗疣类疾病时，使用的经验方中包含哪些具有抗病毒作用的中药？A马齿苋；B大青叶；C紫草；D全部包括
67,选择,赵炳南使用的药物中，哪一种不具有活血养血的作用？A. 天仙藤；B. 鸡血藤；C. 首乌藤；D. 钩藤
68,选择,魏跃钢教授在治疗雄激素性脱发时，第一阶段的主要治疗原则是什么？A清利湿热；B补益脾肾；C祛脂为先；D滋补肝肾。
69,选择,朱仁康在治疗皮肤病时，哪种方式是其特别倡导的？A.仅用中医辨证 B.仅用西医辨病 C.中医辨证与西医辨病相结合 D.主张用整体观念来认识疾病
70,选择,以下哪项是赵炳南关于皮肤病瘙痒的见解？A.瘙痒只是皮肤病的一个小症状，不重要；B.痒为痛之渐，必有共同的致痒病机；C.瘙痒总是由外部因素引起，与内部状态无关；D.只有使用特定的药物才能治疗瘙痒。
71,选择,赵炳南对湿疹的研习思路受到哪本医学经典的启发？A《黄帝内经》；B《医宗金鉴·外科心法要诀》；C《疡科心得集》；D《诸病源候论》
72,选择,赵炳南的学术思想核心是什么？A. 重视整体治疗；B. 仅重视局部治疗；C. 既重视整体又不忽略局部的全面治疗；D. 专注于药物治疗。
73,选择,张志礼认为系统性红斑狼疮的学术思想核心是什么？A.毒热为本；B.湿滞为本；C.虚中挟实；D.虚是本病之本
74,选择,赵炳南名医在治疗湿疡时的学术思想核心是什么？A重视心肝辨证；B善用龙胆泻肝汤；C注重湿热平衡；D主张内外兼治。
75,选择,朱仁康的学术思想认为，皮肤病的治疗应该以什么为主？A外治；B内治；C手术；D药物敷贴
76,选择,"陈彤云和朱仁康两位教授在治疗皮肤病时的主要学术思想有何不同？A.陈教授侧重于辨证论治, 整体合一；B.朱教授侧重于清热解毒；C.陈教授侧重于热毒壅结；D.朱教授侧重于辨证论治。"
77,选择,赵炳南认为治疗多种皮肤病的根本是什么？A.治热；B.治湿；C.内外兼治；D.手术治疗。
78,选择,以下哪位名医认为风邪是银屑病的关键因素？A. 王莒生；B. 赵炳南；C. 王玉玺；D. 都不是
79,选择,赵炳南治疗皮肤病时，阴阳辨证主要考虑哪些方面？A.局部体征；B.整体表现；C.局部体征和整体表现；D.仅考虑病因
80,选择,赵炳南在治疗皮肤病时，以下哪种外治剂是他创用的？A熏药；B拔膏；C黑布药膏；D以上都是
81,选择,以下哪位是赵炳南和陈彤云的共同师傅？A丁德恩；B陈树人；C哈锐川；D章治康；
82,选择,以下哪位不是赵炳南的弟子？A.张志礼；B.陈彤云；C.朱仁康；D.张作舟
83,选择,朱仁康和赵炳南共同的弟子是谁？A. 赵尚华；B. 陈凯；C. 张作舟；D. 无共同弟子
84,选择,赵炳南和朱仁康共同的弟子是谁？A.赵尚华；B.张作舟；C.陈凯；D.陈彤云；
85,选择,赵尚华的弟子贾颖的师公是谁？A丁德恩；B赵炳南；C朱仁康；D章治康；
86,选择,以下哪位是赵炳南的徒孙？A.赵昌兰；B.贾颖；C.张芃；D.李冬梅
87,选择,陈勇的师傅中，哪位同时也是赵炳南的师傅？A.丁德恩；B.陈树人；C.赵炳南；D.哈锐川
88,选择,赵炳南的徒孙有哪些？A.李冬梅；B.张芃；C.赵昌兰；D.贾颖；
89,选择,赵尚华与张作舟共同的师傅是？A.丁德恩；B.赵炳南；C.哈锐川；D.朱仁康
90,选择,陈凯和赵尚华都师从过谁？A.丁德恩；B.赵炳南；C.朱仁康；D.哈锐川
91,选择,赵尚华的师傅有哪些？A.赵炳南；B.朱仁康；C.丁德恩；D.A和B
92,选择,张志礼使用荆芥主要治疗哪种症状？A.脂溢性脱发；B.急性荨麻疹；C.皮肤紫斑；D.所有上述症状
93,选择,张志礼使用首乌藤治疗的主要疾病不包括以下哪一项？A.失眠；B.多汗；C.血虚身痛；D.疮疡。
94,选择,以下哪项不是张志礼所使用的止痒合剂的组成成分？A. 刺蒺藜；B. 白鲜皮；C. 防风；D. 生地炭
95,选择,张志礼教授在治疗系统性红斑狼疮时，所使用的南北沙参共同作用是？A.养阴清热、生津止渴；B.滋阴凉血、补血生津；C.益胃生津、润肺止咳；D.温胃散寒、补气升阳。
96,选择,张志礼在治疗神经性皮炎时常配伍使用的药物是？A.苦参；B.白鲜皮；C.荆芥；D.车前子；
97,选择,赵炳南使用透骨草外洗治疗哪种疾病？A.脂溢性脱发；B.急性荨麻疹；C.皮肤紫斑；D.过敏性紫癜
98,选择,根据张志礼的用药经验，下列关于药物使用描述错误的是？A.羌活可用于治疗脱发、头痒；B.首乌藤可用来调和阴阳气血；C.桑叶可用于治疗下肢象皮肿；D.苦参、白鲜皮可用于治疗皮肤瘙痒
99,选择,朱仁康和赵炳南在治疗疾病时，对生地的使用有什么不同？A. 用量相同；B. 赵炳南用量更大；C. 朱仁康用量更大；D. 用途不同。
100,选择,以下关于张志礼使用的止痒合剂的描述，哪一项是错误的？A. 包含刺蒺藜；B. 用于治疗一切瘙痒性皮肤病；C. 必须与蝉蜕一起使用；D. 可以祛风除湿
101,选择,张志礼使用芍药治疗自汗和盗汗时，主要利用了芍药的哪一种功能？A养血柔肝；B活血凉血；C消肿解毒；D止痛敛汗
102,选择,张志礼使用僵蚕治疗瘰疬时，一般用量是多少？A 1-5克；B 5-10克；C 10-15克；D 15-20克
103,选择,张志礼在治疗皮肤病时使用的蒺藜，通常与以下哪组药物配伍以达到祛风除湿止痒的效果？A.苦参、白鲜皮；B.当归、首乌藤；C.何首乌、兔丝子；D.浮萍、防风。
104,选择,赵炳南在治疗疮疡时，生地的常用剂量是多少？A. 10~15克；B. 30克以下；C. 30克以上；D. 根据病症不同不定。
105,选择,荆芥在皮肤科中的使用，以下哪个描述不准确？A.可去皮里膜外之风；B.治疗急性荨麻疹；C.治疗疥疮；D.直接治疗脂溢性脱发
106,选择,张志礼使用乌梢蛇治疗的风痒癣疥，其一般用量是多少？A. 5 ~ 12克；B. 10 ~ 20克；C. 15 ~ 30克；D. 20 ~ 30克
107,选择,以下哪个药物不是朱仁康治疗风瘾疹时自拟方的组成部分？A当尾；B赤芍；C麻黄；D红花
108,选择,赵炳南名医擅长的疾病中包括以下哪一项？A痒疹；B癣症；C慢性湿疹；D皮肤淀粉样变
109,选择,使用癣症熏药卷治疗痒疹等疾病时，每日建议的熏蒸次数是多少？A1次；B2次；C3次；D根据患者情况自定
110,选择,以下哪位名医没有直接与泛发性神经性皮炎的治疗相关联？A.朱仁康；B.赵炳南；C.张志礼；D.陈勇
111,选择,哪种疾病与赵炳南名医有经验方的普连软膏和清凉膏均无治疗关系？A.单纯疤疹；B.风湿疹；C.牛皮癣红皮症；D.感冒
112,选择,以下哪个方剂不是用于治疗湿疹急性期发作的？A龙芩除湿方加减；B消风清热饮；C苦参汤；D四物汤
113,选择,当归四逆汤加减是由哪位名医提出的经验方？A.赵炳南；B.张志礼；C.庄国康；D.王文春
114,选择,下列哪种方剂的组成中不包含生白术？A清脾除湿饮；B健脾除湿汤加减；C秦艽丸加减；D人参养荣丸加减
115,选择,普连软膏的主要组成成分不包括以下哪一项？A黄柏；B黄荃；C当归；D大黄
116,选择,以下哪位名医提出了使用百部散治疗阴虱的经验方？A李博鉴；B张仲景；C华佗；D扁鹊；
117,选择,龙芩除湿方加减的主要组成成分不包括以下哪项？A龙胆草；B黄芩；C茯苓；D大黄
118,选择,拔膏棍可以治疗的疾病不包括以下哪项？A顽癣；B蛇串疮；C手足蚓；D心脏病
119,选择,回阳熏药的主要治法是什么？A回阳生肌；B益气养血；C清热解毒；D活血化瘀
120,选择,以下哪种方剂不是由陈彤云提出用于治疗湿疮的？A养血润肤饮加减；B清热除湿汤加减；C除湿止痒汤加减；D以上都是。
121,选择,结节性痒疹的治疗中，以下哪项不是拔膏棍方剂的组成部分？A煅龙骨；B煅牡蛎；C丹参；D白鲜皮
122,选择,皮肤枯燥皲裂常用的治疗方法是什么？A紫草软膏；B消风清热饮；C蜂蜡；D丹参
123,选择,生发酊的经验方是由哪位名医提出的？A. 张作舟；B. 魏跃钢；C. 孟丽；D. 无法确定
124,选择,赵炳南名医的经验方拔膏棍主要用于治疗哪种类型的皮肤疾患？A.肥厚性角化性；B.过敏性；C.感染性；D.色素性
125,选择,加减除湿胃苓汤还可以治疗以下哪种疾病？A神经性皮炎；B带状疱疹；C银屑病；D以上都可以
126,选择,以下哪种疾病不是凉血五花汤治疗的疾病？A. 风癣；B. 皮损；C. 玫瑰糠疹；D. 糖尿病
127,选择,限局性硬皮病的临床表现不包括以下哪项？A皮肤发硬；B皮肤瘙痒；C皮肤红肿；D皮肤疼痛
128,选择,以下哪种疾病不是薰药剂治疗的疾病？A癣症；B蛇皮症；C顽湿疹；D感冒
129,选择,乌蛇搜风汤的主治证候是什么？A风热之邪内郁日久；B未经发泄；C风热感冒；D脾胃虚弱
130,选择,赵炳南名医擅长的疾病是哪种？A内痔脱出嵌顿；B外痔；C肛裂；D直肠癌
131,选择,凉血五花汤治疗的皮肤病主要分布在身体的哪个部位？A上半身；B全身；C下半身；D没有特定部位
132,选择,在中医皮肤科中，赵炳南名医治疗红斑狼疮时，下列哪一项不是四藤方的组成部分？A.天仙藤；B.鸡血藤；C.首乌藤；D.黄连
133,选择,凉血五根汤的主要组成不包括以下哪项？A白茅根；B瓜蒌根；C茜草根；D人参
134,选择,朱仁康名医提出的治疗风瘙痒的经验方是什么？A. 三石水；B. 消风清热饮；C. 凉血清热汤；D. 祛风止痒散
135,选择,针对神经性皮炎的治疗，以下哪位名医擅长使用苦参？A.庄国康；B.赵炳南；C.朱仁康；D.张作舟
136,选择,以下哪种疾病不是凉血五花汤治疗的疾病？A.面部激素依赖性皮炎；B.血风疮；C.风癣；D.糖尿病
137,选择,以下哪种疾病不是拔膏棍的主治疾病？A寻常疣；B瘫痕疙瘩；C漫性湿疹；D高血压；
138,选择,赵炳南名医有关联的疾病流注，其经验方抑阴散的主要成分不包括以下哪一项？A草乌；B南星；C狼毒；D金银花;
139,选择,赵炳南名医擅长的疾病中，哪一种可以用加减除湿胃苓汤进行治疗？A亚急性或慢性湿疹；B湿疡；C白庀；D湿盛型缠腰火丹
140,选择,朱仁康名医擅长的疾病是什么？A各种肿毒；B荨麻疹；C湿疹；D牛皮癣
141,选择,赵炳南名医治疗鼠疮时，除了回阳熏药外，还可能使用以下哪种方剂？A消风清热饮；B人参芦；C白蔹；D以上皆非
142,选择,加减除湿胃苓汤主要用于治疗哪些疾病？A带状疱疹；B慢性及亚急性湿疹；C皮肤瘙痒症；D全部以上
143,选择,赵炳南治疗的银屑病的方剂是什么？A凉血五根汤；B凉血活血汤；C消风清热饮；D以上都不是
144,选择,在使用百部散治疗阴虱时，以下哪个步骤是不正确的？A加水1500ml煎至1200ml；B先熏后洗阴部至肛周；C每次使用约20分钟；D使用后无需敷于阴部和肛周；
145,选择,药毒的气阴两虚证治疗方剂是什么？A清营汤；B增液汤合益胃汤；C皮炎汤；D以上均不是
146,选择,朱仁康名医与下列哪一项经验方有关？A除湿胃苓汤；B薰药剂；C苍术；D以上都与朱仁康无关
147,选择,以下哪位名医擅长治疗寻常疣？A.赵炳南；B.庄国康；C.许铣；D.以上都对
148,选择,朱仁康认为逍遥散加减方重在什么？A.疏肝解郁；B.滋阴养血；C.清热解毒；D.健脾益气
149,选择,赵炳南名医擅长的疾病中，下列哪一项不是凉血五根汤治疗的疾病？A血风疮；B瓜藤缠；C皮损；D感冒。
150,选择,赵炳南名医擅长治疗的疾病中，哪一种可以使用普连软膏进行治疗？A火燎疮；B急性亚急性湿疹；C牛皮癣红皮症；D单纯疤疹
151,选择,黑布药膏主要被用于治疗哪些疾病？A.乳头状皮炎；B.荨麻疹；C.背痈；D.以上皆是
152,选择,湿疹糊剂主要用于治疗哪种疾病？A亚急性湿疹；B急性湿疹；C皮炎等；D慢性湿疹
153,选择,凉血五花汤可以治疗的疾病不包括以下哪一项？A.盘状红斑狼疮初期；B.玫瑰糠疹；C.脂溢性皮炎；D.疱疹
154,选择,下列哪个方剂用于治疗结节性痒疹等？A. 乌蛇搜风汤；B. 消风清热饮；C. 麻黄桂枝汤；D. 四物汤。
155,选择,湿敷方主要治疗的疾病是什么？A. 慢性皮肤病；B. 急性皮肤疾患有渗出者；C. 内科疾病；D. 外科疾病
156,选择,毛囊炎初起时，赵炳南名医擅长的治疗方法是？A.破瘀软坚；B.清热解毒；C.养阴润燥；D.温阳散寒
157,选择,紫草茸油主要用于治疗哪种疾病？A下肢红斑结节类疾患；B皮肤紫红斑块；C两者都可以治疗；D以上均不正确
158,选择,养血熄风汤主要用于治疗哪种疾病？A.慢性荨麻疹；B.风瘙痒；C.皮肤瘙痒症；D.泛发性神经性皮炎。
159,选择,王萍名医擅长治疗的疾病是什么？A.慢性荨麻疹；B.过敏性鼻炎；C.易感体质；D.风寒感冒
160,选择,天疱疮的哪种治法不包含在赵炳南的经验方中？A清脾利湿$清热解毒；B利水消肿$健脾除湿法；C活血解毒$通络除湿法；D补益气血$温经散寒
161,选择,赵炳南治疗结节性红斑及一切红斑类皮肤病的初期，可能会使用以下哪种方剂？A凉血五根汤；B凉血五花汤；C消风清热饮；D以上均不是
162,选择,秦艽丸方的组成中不包括下列哪一项？A秦艽；B苦参；C大黄；D当归。
163,选择,以下哪位名医擅长治疗固定性药疹？A朱仁康；B赵炳南；C张志礼；D以上均不擅长
164,选择,赵炳南名医擅长的疾病赤白游风，多皮饮主要治疗的疾病是什么？A慢性以皮疹为主的荨麻疹；B慢性湿疹；C血管性水肿；D皮肤瘙痒症
165,选择,黑布药膏的主要用途是什么？A.治疗荨麻疹；B.治疗瘢痕疙瘩；C.治疗背痈；D.治疗肉龟
166,选择,以下哪位名医不是面部激素依赖性皮炎的擅长治疗者？A.赵炳南；B.朱仁康；C.张仲景；D.李时珍
167,选择,下列哪种症状可以通过使用白鲜皮来治疗？A.风热湿疮；B.痒；C.发热；D.咳嗽
168,选择,以下哪种疾病可以用利湿清热方进行治疗？A带状疱疹；B汗疱症；C急性湿疹；D下肢丹毒。
169,选择,痒的症状可以通过哪种药物进行治疗？A.拘急痉挛；B.全蝎；C.消风清热饮；D.黄连
170,选择,药疹的气阴两虚证治疗方剂是什么？A清营汤；B增液汤合益胃汤；C八珍汤；D六味地黄丸
171,选择,以下哪种疾病不是苍术膏的适应症？A.汗管角化；B.毛囊角化；C.鱼鳞病；D.湿疹
172,选择,以下哪种症状可以通过使用荆芥进行治疗？A.过敏性紫癜；B.痒；C.感冒；D.失眠
173,选择,以下哪项是腋下$腹股沟等处间擦疹的常用治疗方法？A收湿散风拔干；B清热解毒；C滋阴降火；D温阳散寒;
174,选择,赵炳南治疗阳症窦道、瘘管、脓疡脓毒未净时，使用的经验方是？A. 甘乳药捻；B. 京红粉药捻；C. 消风清热饮；D. 凉血清热饮
175,选择,以下哪个方剂是由赵炳南提出的治疗带状疱疹的经验方？A.加减除湿胃苓汤；B.龙胆泻肝汤；C.除湿胃苓汤；D.自制黑色拔膏棍
176,选择,张志礼名医治疗皮肤瘙痒症状时，有特色用药的是哪种药材？A全蝎；B羌活；C桑叶；D浮萍
177,选择,急性渗出性皮肤病的治疗方法中，张作舟名医使用的经验方是什么？A.苦参煎剂；B.马齿苋煎剂；C.黄连煎剂；D.白鲜皮煎剂
178,选择,以下哪位名医擅长治疗紫癜风？A. 庄国康；B. 张作舟；C. 赵炳南；D. 朱仁康
179,选择,风瘙痒可以通过以下哪种方剂进行治疗？A. 三石水；B. 消风清热饮；C. 凉血清热汤；D. 祛风止痒散
180,选择,下列哪种症状不是麻黄治疗的症状？A.痒；B.痛；C.肿；D.热
181,选择,风热瘾疹在中医治疗中，以下哪种药物可用以治疗？A防风；B浮萍；C连翘；D黄连
182,选择,赵炳南名医治疗急性热病的证候类型是？A阳虚证；B阴虚证；C伤阴红舌证；D气虚证
183,选择,多形性红斑（血风疮）的中医治疗中，以下哪位名医擅长使用凉血五根汤？A赵炳南；B张志礼；C庄国康；D无相关名医
184,选择,利湿清热方的治法主要不包括以下哪一项？A利湿；B清热；Cxxx；D止痒；
185,选择,张作舟名医的经验方是什么？A解毒除湿油调剂；B消风清热饮；C四物汤；D八珍汤
186,选择,全虫方的证候不包括？A顽固性湿毒聚结；B风盛瘙痒诸症；C湿热蕴积；D以上均包括
187,选择,急性荨麻疹患者出现的痒症状，以下哪种药物可以用来治疗？A荆芥；B防风；C麻黄；D甘草
188,选择,下列哪种疾病不是黑布药膏治疗的？A痈；B肉龟；C锯痕症；D背痈
189,选择,下列哪个选项不是回阳熏药治疗的疾病？A久不收口之阴疮寒症；B鼠疮；C穿踝瘘；D踝关节结核的西医病名
190,选择,以下哪种疾病可以用赵炳南的经验方抑阴散进行治疗？A.荨麻疹；B.阴疽；C.丹毒；D.湿疹
191,选择,针对神经性皮炎的治法，以下哪项不正确？A.重镇活血；B.除湿祛风；C.杀虫止痒；D.疏肝理气
192,选择,下列哪种方剂不是朱仁康名医用于治疗荨麻疹的经验方？A.消风清热饮；B.疏风清热饮；C.多皮饮；D.乌蛇驱风汤。
193,选择,在中医皮肤科中，哪位名医使用麻黄治疗皮肤不仁？A. 张志礼；B. 李时珍；C. 华佗；D. 孙思邈
194,选择,关于朱仁康名医的经验方化湿汤，以下哪项描述是正确的？A.治疗胃强脾弱和湿困脾土的证候；B.治疗风热型奶癣；C.以清热解毒为主要治法；D.用于治疗儿童湿疹和牛皮癣
195,选择,赵炳南名医擅长治疗的疾病不包括以下哪一项？A紫癜；B偏于下肢者；C下肢银屑病；D感冒。
196,选择,赵炳南名医擅长的疾病不包括以下哪一项？A皮肤搔痒症；B白疙；C松皮癣；D心脏病
197,选择,凉血五花汤的组成中不包括以下哪种药材？A.红花；B.鸡冠花；C.野菊花；D.金银花
198,选择,以下哪种药物可用于治疗小便不利？A麻黄；B防风；C生姜；D大黄
199,选择,紫白癜风的中医治疗方剂普癣水的主要组成成分是什么？A生地榆、苦楝子；B生地榆、土槿皮；C苦楝子、斑蝥；D生地榆、苦楝子、土槿皮、斑蝥
200,选择,下列哪种方剂不是由赵炳南名医所擅长的？A全虫方；B消风清热饮；C苦参汤；D皂刺散
201,选择,乌蛇驱风汤的主要组成不包括以下哪项？A乌蛇；B蝉衣；C黄岑；D当归
202,选择,玉黄膏的主要成分包括哪些？A当归、白芷；B姜黄、甘草；C轻粉、冰片；D蜂白蜡、冰片
203,选择,下列哪位名医也使用解毒凉血汤治疗疾病？A赵炳南；B张志礼；C朱仁康；D边天羽；
204,选择,瘫痕疙瘩是一种疾病，以下哪位名医擅长治疗该疾病？A. 赵炳南；B. 庄国康；C. 张仲景；D. 李时珍
205,选择,健脾除湿汤的主要治法是什么？A健脾化湿；B清热解毒；C活血化瘀；D疏风清热；
206,选择,健脾除湿汤的组成中不包括以下哪一项？A. 苍术；B. 炒白术；C. 陈皮；D. 玄参
207,选择,赵炳南擅长的疾病中，下列哪一项不是通过子油熏药方治疗的？A.松皮癣；B.皮肤淀粉样变；C.慢性湿疹；D.鱼鳞病
208,选择,赵炳南擅长治疗的疾病中，哪一种与京红粉药捻有关？A.荨麻疹；B.阳症窦道；C.牛皮癣；D.白癜风
209,选择,以下哪一项是张作舟用于治疗手足多汗症的经验方？A除湿洗方；B四物汤；C八珍汤；D十全大补汤；
210,选择,全虫方主要治疗的皮肤病不包括以下哪一项？A慢性湿疹；B顽固性神经性皮炎；C结节性痒疹；D马疥
211,选择,加减龙胆泻肝汤的主要组成成分不包括以下哪一项？A龙胆草；B青连翘；C黄连；D生甘草
212,选择,赵炳南名医擅长治疗的疾病中，不包括以下哪一项？A顽癣；B扁平苔藓；C神经性皮炎；D心脏病；
213,选择,凉血五根汤的主要组成不包括以下哪一项？A白茅根；B瓜蒌根；C茜草根；D人参
214,选择,黑布药膏的使用方法中，以下哪项是错误的？A厚敷患处；B不要用金属器械涂药；C每日换药一次；D用茶水清洁皮肤
215,选择,乌蛇搜风汤治疗的疾病不包括？A.扁平苔藓；B.神经性皮炎；C.感冒；D.结节性痒疹
216,选择,赵炳南名医擅长使用哪个方剂治疗疾病？A凉血活血汤；B消风清热饮；C四物汤；D八珍汤
217,选择,赵炳南名医治疗单纯疤疹时，可能会使用以下哪种经验方？A.清凉膏；B.普连软膏；C.消风清热饮；D.以上皆是
218,选择,粉刺的中医治疗中，茵陈蒿汤合黄连解毒汤加减的主要功能是什么？A清热解毒；B清热燥湿；C清热泻火；D以上皆是
219,选择,下列哪种疾病不是回阳熏药治疗的适应症？A穿踝瘘；B久不收口之阴疮寒症；C鼠疮；D荨麻疹
220,选择,下列哪种疾病可以使用重镇活血汤进行治疗？A神经性皮炎；B扁平苔藓；C寻常疣；D以上皆是；
221,选择,以下哪种药材不是芳香化湿汤的组成部分？A.藿香；B.白鲜皮；C.地肤子；D.黄连
222,选择,参苓白术丸的治法是？A补脾胃；B益肺气；C补脾胃$益肺气；D清热解毒
223,选择,以下哪位名医擅长治疗慢性湿疹？A. 朱仁康；B. 许铣；C. 赵炳南；D. 庄国康
224,选择,手足多汗症的治疗中，除湿洗方的治法是什么？A收湿散风拔干；B清热解毒；C滋阴补阳；D疏风清热；
225,选择,大黄蛰虫丸的组成不包括以下哪种药材？A大黄；B蛰虫；C水蛭；D黄芪
226,选择,口周皮炎患者出现阴虚阳亢的证候时，许铣名医推荐的治疗方剂是？A加减泻黄汤；B知柏地黄丸合五味消毒饮；C丹栀逍遥散；D以上都不是
227,选择,聚合型痊疮常用哪种方药进行治疗？A.大黄蛰虫丸；B.消风清热饮；C.龙胆泻肝汤；D.四物汤
228,选择,许铣名医治疗糠秕孢子菌性毛囊炎的治法是？A. 清热解毒利湿；B. 疏风清热，解毒利湿；C. 活血化瘀，清热解毒；D. 健脾利湿，疏风清热
229,选择,桃红四物汤加减中不包括以下哪种药材？A.桃仁；B.红花；C.板蓝根；D.黄连
230,选择,以下哪种方剂不是由朱仁康提出的治疗脂溢性皮炎的经验方？A.苦参酒；B.龙胆泻肝丸；C.九华粉洗剂；D.清脾除湿饮
231,选择,以下哪位名医没有使用消斑汤来治疗白癜风？A.张作舟；B.赵炳南；C.张志礼；D.张作舟。
232,选择,全虫方的治法主要不包括以下哪一项？A.熄风止痒；B.除湿解毒；C.清热凉血；D.调理胃肠
233,选择,手足蚓是一种疾病，以下哪位名医擅长治疗该疾病？A.赵炳南；B.许铣；C.王萍；D.无相关名医
234,选择,血热型银屑病患者在使用改良白疕一号治疗时，以下哪个时间点评价疗效？A.服药1周；B.服药2周；C.服药1个月；D.服药3个月
235,选择,下列哪种疾病不是黑布药膏治疗的疾病？A乳头状皮炎；B瘢痕疙瘩；C毛囊炎初期；D糖尿病
236,选择,以下哪位名医擅长治疗多形性红斑及一切红斑性皮肤病初期？A赵炳南；B朱仁康；C李时珍；D张仲景；
237,选择,在使用犀角地黄汤合化斑汤化裁治疗红斑性狼疮时，若患者出现鼻妞症状，朱仁康建议加用什么？A.白茅根；B.鲜芦根；C.川连；D.黄琴
238,选择,赵炳南名医治疗顽湿聚结的主要治法不包括以下哪一项？A.拔毒提脓；B.通经止痛；C.破瘀软坚；D.清热解毒
239,选择,龙胆泻肝汤的组成成分不包括以下哪一项？A龙胆草；B连翘；C黄连；D人中白
240,选择,赵炳南名医擅长的方剂是哪种？A清营汤；B增液汤合益胃汤；C皮炎汤；D以上均不是
241,选择,根据湿疹三号方的方解，以下哪项描述错误？A滋阴养血和营；B健脾利湿；C祛湿止痒；D主要用于治疗急性疾病
242,选择,亚急性湿疹可以使用以下哪种方剂进行治疗？A加减龙胆泻肝汤；B清脾除湿饮；C芳香化湿汤；D四妙丸
243,选择,皮炎汤的主要治法是什么？A清营凉血；B泄热化毒；C滋阴降火；D疏风清热
244,选择,以下哪个方剂不是由赵炳南名医提出的？A.乌蛇搜风汤；B.乌蛇驱风汤；C.消风清热饮；D.以上都不是
245,选择,许铣擅长治疗哪种疾病？A.银屑病；B.荨麻疹；C.白癜风；D.湿疹
246,选择,赵炳南名医还擅长治疗以下哪种疾病？A.血风疮；B.高血压；C.冠心病；D.哮喘
247,选择,药疹的热毒入营证常用哪种治法？A清营解毒；B益气养阴；C清解余毒；D滋阴降火
248,选择,赵炳南名医治疗的漫性湿疹，以下哪种治法不在其经验方中？A拔毒提脓；B通经止痛；C破瘀软坚；D清热解毒。
249,选择,朱仁康名医针对痤疮的痰瘀型证属痰瘀交结的治疗方剂是？A.化瘀散结丸；B.自拟金香菊方；C.知柏地黄丸为主方加减；D.海藻玉壶汤
250,选择,首乌除了可以治疗疥疮外，还常用于治疗以下哪种症状？A.痒；B.发热；C.咳嗽；D.头痛
251,选择,以下哪种药材不是芳香化湿汤的组成部分？A藿香；B佩兰；C苍术；D黄连
252,选择,赵炳南名医使用加减除湿胃苓汤治疗疾病时，其治法是什么？A健脾燥湿；B和中利水；C凉血清热；D消风止痒
253,选择,透骨草方主要由以下哪些成分组成？A透骨草、侧柏叶；B皂角、白矾；C当归、川芎；D桂枝、丹参；
254,选择,如果亚急性湿疹患者出现日久伤阴耗血的症状，以下哪位名医的经验方可能被使用？A赵炳南；B王萍；C张作舟；D朱仁康
255,选择,下列哪位名医提出了参苓白术丸治疗静脉炎的经验方？A赵炳南；B王萍；C张仲景；D李时珍。
256,选择,以下哪个方剂主要用于治疗湿疡和缠腰火丹？A加减龙胆泻肝汤；B清脾除湿饮；C芳香化湿汤；D四妙丸
257,选择,乌蛇搜风汤的证候是什么？A.风热之邪内郁日久；B.风湿热毒内蕴；C.风寒束表；D.热毒炽盛
258,选择,下列关于赵炳南治疗神经性皮炎的经验方描述，错误的是？A.使用癣症熏药方；B.使用秦艽丸方；C.使用全虫方；D.使用普榆膏
259,选择,使用黑布药膏治疗疾病时，换药的频率通常是？A.每天一次；B.每2-3天一次；C.每周一次；D.每月一次
260,选择,加减除湿胃苓汤的治法是什么？A健脾燥湿；B和中利水；C清热解毒；D以上都是
261,选择,冰矾洗剂的主要用途是什么？A治疗头皮脂溢性皮炎；B治疗脱发；C两者都治疗；D两者都不治疗
262,选择,治疗慢性阴囊湿疹时，以下哪种方剂不适用于熄风止痒的治法？A全虫方；B滋阴除湿汤；C滋阴除湿汤(湿疹三号方)；D以上均适用
263,选择,以下哪个方剂不是朱仁康名医的经验方？A. 皮癣汤加减；B. 龙胆泻肝汤加减；C. 除湿胃苓汤加减；D. 全虫方
264,选择,皮肤瘙痒症的风热型证候主要表现为？A.皮肤剧烈瘙痒，触之灼热；B.皮肤干燥起白屑，瘙痒；C.皮肤瘙痒，夜间痒甚；D.皮肤瘙痒，遇热加重。
265,选择,下列哪种疾病不是黑色拔膏棍治疗的适应症？A慢性局限性湿疹；B寻常疣；C局限性神经性皮炎；D感冒
266,选择,皮炎汤的组成中不包括以下哪项？A生地；B丹皮；C赤芍；D人参
267,选择,以下哪个方剂是由张作舟名医提出的经验方？A除湿洗方；B消风清热饮；C苦参汤；D防风通圣散
268,选择,赵炳南名医擅长的疾病是什么？A.荨麻疹；B.色素性皮肤病；C.牛皮癣；D.白癜风
269,问答,在庄国康擅长的疾病中，哪些疾病可以通过重镇活血汤的治疗原理来缓解其心肝失调的证候？
270,问答,凉血五根汤在治疗血热发斑和热毒阻络证候时，哪些药材起到了凉血活血的作用，并简述其方解？
271,问答,在治疗面部痤疮时，邬成霖名医针对地塞米松或强的松的具体用法用量及其背后的考虑是什么？
272,问答,朱仁康名医在治疗汗管角化时，所使用的经验方苍术膏的具体组成成分有哪些，这些成分是如何协同作用以针对汗管角化的症状发挥疗效的？
273,问答,在治疗系统性红斑狼疮时，张志礼是如何通过特色用药体现其健脾益肾、活血通络的治疗原则的？
274,问答,赵炳南名医在治疗掌拓脓疱病时，基于其对方剂的应用经验和掌拓脓疱病的症状特点，常采用哪种方剂及其主治功效是什么？
275,问答,赵炳南在治疗限局性硬皮病时，结合其经验方阳和丸的组成和主治，具体采用了哪些治法，并分析这些治法如何针对该病的证候和临床表现？
276,问答,在中医治疗中，针对血虚身痛症状，哪位名医的特色用药能够有效缓解该症状，并说明其药效机制？
277,问答,赵炳南名医在治疗疱疹样皮炎时，常使用哪一经验方？请详细说明该方剂的组成成分、主治疾病及其治法原理。
278,问答,回阳熏药在中医皮肤科中主要用于治疗哪些复杂难愈的疾病，并简述其治疗机制？
279,问答,赵炳南名医在治疗毛囊炎初起时，除了使用黑布药膏外，还考虑了哪些疾病的相似治疗方法和药膏的组成及用法？
280,问答,赵炳南针对皮肤淀粉样变提出的综合治法及其理论基础是什么？
281,问答,在治疗偏于下肢者的疾病时，赵炳南名医常用的方剂是什么，并简述其方解和适用证候？
282,问答,朱仁康针对婴儿湿疹（中医病名奶癣）提出的化湿汤，在治疗胃强脾弱证候时，其具体作用机制及治疗效果主要体现在哪些方面？
283,问答,赵炳南名医在治疗疖及其相关疾病时，常用的方药是什么？请详细说明该方药的组成、治法及其在治疗其他疾病中的应用。
284,问答,赵炳南名医在使用拔膏棍治疗木刺瘊的基础上，还擅长治疗哪些其他皮肤病？请列举并简要说明这些疾病与拔膏棍治疗的关系。
285,问答,凉血五根汤在治疗血热发斑和热毒阻络证候时，其方剂组成及各自药效如何体现了其主要的治疗原则？
286,问答,四黄膏在治疗由朱仁康名医所擅长的各种肿毒时，其具体的用法和用量是怎样的，并且这种用法如何有助于药物发挥清热解毒和消肿的作用？
287,问答,张作舟名医在治疗体癣等皮肤疾病时，所采用的经验方及其组成成分和治法是什么？
288,问答,在治疗多形性红斑（血风疮）时，赵炳南针对偏于上半身或全身散在分布的患者，采用了哪种方剂进行治疗，并简述该方剂的组成及其作用机制？
289,问答,赵炳南与王萍两位名医治疗静脉炎所使用的经验方参苓白术丸，其治法的主要目的是什么，并结合方剂组成和中医理论分析其适用证候？
290,问答,陈彤云名医在治疗荨麻疹时，针对气血失和证候的治法是什么？
291,问答,赵炳南名医针对鱼鳞病提出的子油熏药方，其治法原则是什么？该方剂除了适用于鱼鳞病外，还适用于哪些西医和中医病名的疾病？
292,问答,赵炳南在治疗寻常性狼疮时，针对湿毒蕴于血分的证候，通常采用的经验方是什么？并请详细说明该方剂的组成、功效及用法用量。
293,问答,凉血五花汤除了治疗盘状红斑狼疮初期，还能用于治疗哪些皮肤病，并简述其方解和治法？
294,问答,赵炳南名医在使用拔膏棍治疗顽湿聚结的同时，还擅长用其治疗哪些其他皮肤疾病？
295,问答,在治疗局限性神经性皮炎时，赵炳南名医可能会采用哪种方剂，并简述该方剂的组成及其在皮肤病治疗中的应用？
296,问答,龙芩除湿方加减在治疗湿疹急性期发作时，其综合治法是如何通过药物配伍实现清热燥湿、息风止痒以及调和脾胃的功效？
297,问答,在治疗毛囊炎初期时，赵炳南名医推荐使用的黑布药膏的具体用法用量及其注意事项是什么？
298,问答,凉血五花汤在哪些皮肤病的初期治疗中表现出显著效果，并说明其方剂组成及作用机制？
299,问答,赵炳南名医推荐的苍肤水洗剂在中医皮肤科中的应用范围及其主要治疗的西医病名是什么？
300,问答,赵炳南名医在治疗脾虚血燥证时，常用的方剂是什么？
301,问答,在治疗寻常型银屑病时，丹皮作为一种常用药物，其应用可能受到哪些名医治疗思路的影响？请结合丹皮与其他相关药物的名医特色用药情况进行分析。
302,问答,赵炳南名医在治疗慢性汗腺炎所致瘘管时，其常用的回阳熏药方剂是如何通过药材配伍达到回阳生肌、益气养血的治疗效果的？
303,问答,紫草软膏在治疗溃疡疮面时，其具体的用法用量及其作用机制是什么？
304,问答,赵炳南名医在治疗顽湿疹时，所采用的薰药剂具体组成成分及其使用方法是什么？
305,问答,哪些中医名医在治疗寻常型银屑病方面具有显著专长，并请简述其相关治疗方剂的特点？
306,问答,在治疗湿疮的湿热浸淫证时，清热除湿汤加减方如何根据患者的具体临床表现进行药物调整以提升疗效？
307,问答,赵炳南名医在治疗痈肿疮疡时提出了多种方剂，其中哪一种方剂不仅包含蒲公英、二花、连翘等药材，还特别强调了清热解毒与凉血活血的治法？
308,问答,赵炳南名医在治疗结节性红斑及一切红斑类皮肤病的初期时，所采用的方剂及其组成、方解和适应证候是什么？
309,问答,赵炳南名医在治疗哪些疾病时，会使用包含什净轻粉、京红粉、血竭粉等成分的甲字提毒药捻方剂？
